故障类型,FaultType,类型值,点位Key,原始故障代码HEX,原始故障代码DEC,统一原因码HEX,统一原因码DEC,是否作为故障,中文描述
常态故障,STANDBY,1,standby_0001,0x0001,1,0x30001,196609,是,交流接触器故障
常态故障,STANDBY,1,standby_0002,0x0002,2,0x30002,196610,是,车辆接触器粘连
常态故障,STANDBY,1,standby_0003,0x0003,3,0x30003,196611,是,直流接触器1粘连
常态故障,STANDBY,1,standby_0004,0x0004,4,0x30004,196612,是,直流接触器2粘连
常态故障,STANDBY,1,standby_0005,0x0005,5,0x30005,196613,是,模块启动失败
常态故障,STANDBY,1,standby_0006,0x0006,6,0x30006,196614,是,绝缘检测告警
常态故障,STANDBY,1,standby_0007,0x0007,7,0x30007,196615,是,绝缘检测故障
常态故障,STANDBY,1,standby_0008,0x0008,8,0x30008,196616,是,模块关闭失败
常态故障,STANDBY,1,standby_0009,0x0009,9,0x30009,196617,是,泄放回路故障---粘连
常态故障,STANDBY,1,standby_000A,0x000A,10,0x3000A,196618,是,辅助电源故障
常态故障,STANDBY,1,standby_000B,0x000B,11,0x3000B,196619,是,握手阶段通讯超时
常态故障,STANDBY,1,standby_000C,0x000C,12,0x3000C,196620,是,配置阶段通讯超时
常态故障,STANDBY,1,standby_000D,0x000D,13,0x3000D,196621,是,充电阶段通讯超时
常态故障,STANDBY,1,standby_000E,0x000E,14,0x3000E,196622,是,软启动升压失败
常态故障,STANDBY,1,standby_000F,0x000F,15,0x3000F,196623,是,软启动电流异常
常态故障,STANDBY,1,standby_0010,0x0010,16,0x30010,196624,是,输出电流故障
常态故障,STANDBY,1,standby_0011,0x0011,17,0x30011,196625,是,结束阶段通讯超时
常态故障,STANDBY,1,standby_0012,0x0012,18,0x30012,196626,是,车辆通讯多包异常
常态故障,STANDBY,1,standby_0013,0x0013,19,0x30013,196627,是,充电模块通讯超时
常态故障,STANDBY,1,standby_0014,0x0014,20,0x30014,196628,是,充电模块故障
常态故障,STANDBY,1,standby_0015,0x0015,21,0x30015,196629,是,熔丝故障
常态故障,STANDBY,1,standby_0016,0x0016,22,0x30016,196630,是,过温故障
常态故障,STANDBY,1,standby_0017,0x0017,23,0x30017,196631,是,烟感故障
常态故障,STANDBY,1,standby_0018,0x0018,24,0x30018,196632,是,断路器故障
常态故障,STANDBY,1,standby_0019,0x0019,25,0x30019,196633,是,CC1电压异常
常态故障,STANDBY,1,standby_001A,0x001A,26,0x3001A,196634,是,PE断开故障
常态故障,STANDBY,1,standby_001B,0x001B,27,0x3001B,196635,是,功率模块不足
常态故障,STANDBY,1,standby_001C,0x001C,28,0x3001C,196636,是,车辆暂停充电
常态故障,STANDBY,1,standby_001D,0x001D,29,0x3001D,196637,是,车辆BSM异常
常态故障,STANDBY,1,standby_001E,0x001E,30,0x3001E,196638,是,违规拔枪
常态故障,STANDBY,1,standby_001F,0x001F,31,0x3001F,196639,是,电池电压过低1(距离第一次测得电池电压为0后2min内电池电压仍为0)
常态故障,STANDBY,1,standby_0020,0x0020,32,0x30020,196640,是,电池电压反接
常态故障,STANDBY,1,standby_0021,0x0021,33,0x30021,196641,是,车辆就绪超时
常态故障,STANDBY,1,standby_0022,0x0022,34,0x30022,196642,是,急停故障
常态故障,STANDBY,1,standby_0023,0x0023,35,0x30023,196643,是,防反二极管故障
常态故障,STANDBY,1,standby_0024,0x0024,36,0x30024,196644,是,充电桩控制器通讯故障（整流柜侧）
常态故障,STANDBY,1,standby_0025,0x0025,37,0x30025,196645,是,BMS超时重新握手3次后停止
常态故障,STANDBY,1,standby_0026,0x0026,38,0x30026,196646,是,BRO_AA之后又发BRO_00
常态故障,STANDBY,1,standby_0027,0x0027,39,0x30027,196647,是,电池电压过低2//
常态故障,STANDBY,1,standby_0028,0x0028,40,0x30028,196648,是,模块软启动阶段报文超时//
常态故障,STANDBY,1,standby_0029,0x0029,41,0x30029,196649,是,充电暂停阶段报文超时
常态故障,STANDBY,1,standby_002A,0x002A,42,0x3002A,196650,是,充电桩要求停止充电(ZLG)
常态故障,STANDBY,1,standby_002B,0x002B,43,0x3002B,196651,是,充电桩与计费模块通讯超时（CDZ）
常态故障,STANDBY,1,standby_002C,0x002C,44,0x3002C,196652,是,充电桩与整流柜通讯超时（CDZ）
常态故障,STANDBY,1,standby_002D,0x002D,45,0x3002D,196653,是,输出电压超过BCP中最高允许电压（CDZ）
常态故障,STANDBY,1,standby_002E,0x002E,46,0x3002E,196654,是,输出电流超过BCP中最高允许电流（CDZ）
常态故障,STANDBY,1,standby_002F,0x002F,47,0x3002F,196655,是,BCS中最高单体电池电压超过BCP中最高允许单体电池电压（CDZ）
常态故障,STANDBY,1,standby_0030,0x0030,48,0x30030,196656,是,BSM中最高动力蓄电池温度超过BCP中单体动力蓄电池最高允许温度（CDZ）
常态故障,STANDBY,1,standby_0031,0x0031,49,0x30031,196657,是,BCL电压需求超过BCP中最大允许电压
常态故障,STANDBY,1,standby_0032,0x0032,50,0x30032,196658,是,BCL电流需求超过BCP中最大允许电流
常态故障,STANDBY,1,standby_0033,0x0033,51,0x30033,196659,是,BCP最大允许电压比充电机最小输出电压低
常态故障,STANDBY,1,standby_0034,0x0034,52,0x30034,196660,是,尝试3次仍然收不到BRO = 0XAA
常态故障,STANDBY,1,standby_0035,0x0035,53,0x30035,196661,是,充电桩侧收到APP要求停止充电(CDZ)
常态故障,STANDBY,1,standby_0036,0x0036,54,0x30036,196662,是,充电桩侧收到BCU要求停止充电(CDZ)
常态故障,STANDBY,1,standby_0037,0x0037,55,0x30037,196663,是,防雷器故障（ZLG）
常态故障,STANDBY,1,standby_0038,0x0038,56,0x30038,196664,是,主从板识别故障
常态故障,STANDBY,1,standby_0039,0x0039,57,0x30039,196665,是,CDZ地址识别故障
常态故障,STANDBY,1,standby_003A,0x003A,58,0x3003A,196666,是,接收到BST
常态故障,STANDBY,1,standby_003B,0x003B,59,0x3003B,196667,是,模块组中有模块有故障，但是不是所有模块有故障
常态故障,STANDBY,1,standby_003C,0x003C,60,0x3003C,196668,是,电子锁锁止故障（LEVEL2）
常态故障,STANDBY,1,standby_003D,0x003D,61,0x3003D,196669,是,zlg与can盒通讯故障
常态故障,STANDBY,1,standby_003E,0x003E,62,0x3003E,196670,是,cdz从暂停状态恢复到充电状态
常态故障,STANDBY,1,standby_003F,0x003F,63,0x3003F,196671,是,充电过程中CC1电压波动超过指定值
常态故障,STANDBY,1,standby_0040,0x0040,64,0x30040,196672,是,车辆BSM报SOC过低
常态故障,STANDBY,1,standby_0041,0x0041,65,0x30041,196673,是,泄放回路告警---拒动误动
常态故障,STANDBY,1,standby_0042,0x0042,66,0x30042,196674,是,BHM中最大电压输出小于充电机最低输出电压
常态故障,STANDBY,1,standby_0043,0x0043,67,0x30043,196675,是,切换开关遥信故障
常态故障,STANDBY,1,standby_0044,0x0044,68,0x30044,196676,是,车辆要求暂停充电超过10min
常态故障,STANDBY,1,standby_0045,0x0045,69,0x30045,196677,是,车辆SOC 100%维持30s
常态故障,STANDBY,1,standby_0046,0x0046,70,0x30046,196678,是,计费控制单元遥控电子锁 合
常态故障,STANDBY,1,standby_0047,0x0047,71,0x30047,196679,是,计费控制单元遥控电子锁 分
常态故障,STANDBY,1,standby_0048,0x0048,72,0x30048,196680,是,检测到电池电压与BCP中当前电池电压相差超过充电机最高输出电压的5%
常态故障,STANDBY,1,standby_0050,0x0050,80,0x30050,196688,是,检测到门禁
常态故障,STANDBY,1,standby_0051,0x0051,81,0x30051,196689,是,枪到位检测
常态故障,STANDBY,1,standby_0052,0x0052,82,0x30052,196690,是,电池电压过高，超过充电机额定电压10V以上
常态故障,STANDBY,1,standby_0053,0x0053,83,0x30053,196691,是,电池电压过高，超过电池最大允许充电电压10V以上
常态故障,STANDBY,1,standby_0054,0x0054,84,0x30054,196692,是,充电桩与接口板通讯超时（CDZ）
常态故障,STANDBY,1,standby_0055,0x0055,85,0x30055,196693,是,充电桩与IO板通讯超时（CDZ）
常态故障,STANDBY,1,standby_0056,0x0056,86,0x30056,196694,是,充电桩控制器地址冲突
常态故障,STANDBY,1,standby_0057,0x0057,87,0x30057,196695,是,水浸故障
常态故障,STANDBY,1,standby_0058,0x0058,88,0x30058,196696,是,超过充电机最大输出电压+20V
常态故障,STANDBY,1,standby_0059,0x0059,89,0x30059,196697,是,超过充电机最大输出电流+20V
常态故障,STANDBY,1,standby_005A,0x005A,90,0x3005A,196698,是,低于充电机最小输出电压（欠压）
常态故障,STANDBY,1,standby_005B,0x005B,91,0x3005B,196699,是,tcu充电启动完成帧应答超时
常态故障,STANDBY,1,standby_005C,0x005C,92,0x3005C,196700,是,BRM 报文数据项异常（报文数据长度错误，BMS 通信协议版本号错误，其他数据错误）
常态故障,STANDBY,1,standby_005D,0x005D,93,0x3005D,196701,是,BCP 报文数据项异常（报文数据长度错误，电池当前电压越限，其他数据项错误）
常态故障,STANDBY,1,standby_005E,0x005E,94,0x3005E,196702,是,BRM中的BMS版本非1.10
常态故障,STANDBY,1,standby_005F,0x005F,95,0x3005F,196703,是,BCP中电压超过范围
常态故障,STANDBY,1,standby_0060,0x0060,96,0x30060,196704,是,直流母线正接触器粘连
常态故障,STANDBY,1,standby_0061,0x0061,97,0x30061,196705,是,直流母线负接触器粘连
常态故障,STANDBY,1,standby_0062,0x0062,98,0x30062,196706,是,直流母线正接触器拒动/误动
常态故障,STANDBY,1,standby_0063,0x0063,99,0x30063,196707,是,直流母线负接触器拒动/误动
常态故障,STANDBY,1,standby_0064,0x0064,100,0x30064,196708,是,输出电压欠压故障
常态故障,STANDBY,1,standby_0065,0x0065,101,0x30065,196709,是,非即插即充设备
常态故障,STANDBY,1,standby_0066,0x0066,102,0x30066,196710,是,辅助电源电压切换回路故障（仅具备辅助电源电压切换功能的直流桩使用）//
常态故障,STANDBY,1,standby_0067,0x0067,103,0x30067,196711,是,整流柜io2板通信故障
常态故障,STANDBY,1,standby_0069,0x0069,105,0x30069,196713,是,功率控制器遥信状态中有故障//
常态故障,STANDBY,1,standby_0070,0x0070,112,0x30070,196720,是,功率控制器遥信状态中有故障
常态故障,STANDBY,1,standby_0071,0x0071,113,0x30071,196721,是,接触器DC+遥信故障/闭合故障
常态故障,STANDBY,1,standby_0072,0x0072,114,0x30072,196722,是,接触器DC-遥信故障/闭合故障
常态故障,STANDBY,1,standby_0073,0x0073,115,0x30073,196723,是,TCU下发VIN码鉴权失败
常态故障,STANDBY,1,standby_0074,0x0074,116,0x30074,196724,是,TCU下发VIN码鉴权信息超时
常态故障,STANDBY,1,standby_0075,0x0075,117,0x30075,196725,是,鉴权VIN与车辆VIN不一致
常态故障,STANDBY,1,standby_0076,0x0076,118,0x30076,196726,是,充电过程中功率控制器工作状态不是开机状态
常态故障,STANDBY,1,standby_0077,0x0077,119,0x30077,196727,是,充电枪未到位告警
常态故障,STANDBY,1,standby_0078,0x0078,120,0x30078,196728,是,电池电压过高故障
常态故障,STANDBY,1,standby_0079,0x0079,121,0x30079,196729,是,充电枪头温度过高故障，超过120度
常态故障,STANDBY,1,standby_0080,0x0080,128,0x30080,196736,是,需求电压超过BCP中最大允许电压
常态故障,STANDBY,1,standby_0081,0x0081,129,0x30081,196737,是,需求电流超过BCP中最大允许电流
常态故障,STANDBY,1,standby_0082,0x0082,130,0x30082,196738,是,充电枪投温度在90度到120度之间超过10min
常态故障,STANDBY,1,standby_0083,0x0083,131,0x30083,196739,是,短路保护// SDK ADD start
常态故障,STANDBY,1,standby_0084,0x0084,132,0x30084,196740,是,功控禁止充电（0x22遥信中）
常态故障,STANDBY,1,standby_0085,0x0085,133,0x30085,196741,是,功控回复启动完成帧中确认失败
常态故障,STANDBY,1,standby_0086,0x0086,134,0x30086,196742,是,设备离线告警（sdk离线），需要能够充电，点故障灯
常态故障,STANDBY,1,standby_0087,0x0087,135,0x30087,196743,是,电表通讯故障
常态故障,STANDBY,1,standby_0088,0x0088,136,0x30088,196744,是,电表数据异常故障
常态故障,STANDBY,1,standby_0089,0x0089,137,0x30089,196745,是,程序更新中
常态故障,STANDBY,1,standby_008A,0x008A,138,0x3008A,196746,是,检修中
常态故障,STANDBY,1,standby_008B,0x008B,139,0x3008B,196747,是,功控要求暂停本次充电//SDK ADD end//1.5 TCU ADD start
常态故障,STANDBY,1,standby_008C,0x008C,140,0x3008C,196748,是,非法VIN
常态故障,STANDBY,1,standby_008D,0x008D,141,0x3008D,196749,是,电子锁解锁故障（LEVEL 1）//1.5 TCU ADD end
常态故障,STANDBY,1,standby_00A0,0x00A0,160,0x300A0,196768,是,从板绝缘故障
常态故障,STANDBY,1,standby_00A1,0x00A1,161,0x300A1,196769,是,从板绝缘超时
常态故障,STANDBY,1,standby_00A2,0x00A2,162,0x300A2,196770,是,从板电池电压故障
常态故障,STANDBY,1,standby_00A3,0x00A3,163,0x300A3,196771,是,从板电池电压检测超时
常态故障,STANDBY,1,standby_00A4,0x00A4,164,0x300A4,196772,是,从板遥控超时//SDK ADD start
常态故障,STANDBY,1,standby_00B0,0x00B0,176,0x300B0,196784,是,BMS超时重新握手3次后停止-BRM
常态故障,STANDBY,1,standby_00B1,0x00B1,177,0x300B1,196785,是,BMS超时重新握手3次后停止-BCP
常态故障,STANDBY,1,standby_00B2,0x00B2,178,0x300B2,196786,是,BMS超时重新握手3次后停止-BRO
常态故障,STANDBY,1,standby_00B3,0x00B3,179,0x300B3,196787,是,BMS超时重新握手3次后停止-BCL
常态故障,STANDBY,1,standby_00B4,0x00B4,180,0x300B4,196788,是,BMS超时重新握手3次后停止-BCS
常态故障,STANDBY,1,standby_00B5,0x00B5,181,0x300B5,196789,是,BMS超时重新握手3次后停止-BST
常态故障,STANDBY,1,standby_00B6,0x00B6,182,0x300B6,196790,是,BMS超时重新握手3次后停止-BSD
常态故障,STANDBY,1,standby_00C0,0x00C0,192,0x300C0,196800,是,车辆BSM异常-电压过高
常态故障,STANDBY,1,standby_00C1,0x00C1,193,0x300C1,196801,是,车辆BSM异常-电压过低
常态故障,STANDBY,1,standby_00C2,0x00C2,194,0x300C2,196802,是,车辆BSM异常-SOC过高
常态故障,STANDBY,1,standby_00C3,0x00C3,195,0x300C3,196803,是,车辆BSM异常-SOC过低
常态故障,STANDBY,1,standby_00C4,0x00C4,196,0x300C4,196804,是,车辆BSM异常-电流过高
常态故障,STANDBY,1,standby_00C5,0x00C5,197,0x300C5,196805,是,车辆BSM异常-温度过高
常态故障,STANDBY,1,standby_00C6,0x00C6,198,0x300C6,196806,是,车辆BSM异常-绝缘异常
常态故障,STANDBY,1,standby_00C7,0x00C7,199,0x300C7,196807,是,车辆BSM异常-连接器异常
常态故障,STANDBY,1,standby_00D0,0x00D0,208,0x300D0,196816,是,接收到BST-正常终止
常态故障,STANDBY,1,standby_00D1,0x00D1,209,0x300D1,196817,是,接收到BST-绝缘故障
常态故障,STANDBY,1,standby_00D2,0x00D2,210,0x300D2,196818,是,接收到BST-BMS元件过温
常态故障,STANDBY,1,standby_00D3,0x00D3,211,0x300D3,196819,是,接收到BST-电池电压异常
常态故障,STANDBY,1,standby_00D4,0x00D4,212,0x300D4,196820,是,接收到BST-其他异常终止
常态故障,STANDBY,1,standby_00D5,0x00D5,213,0x300D5,196821,是,接收到BST-正常终止-达到目标值（总电压、单体电压达到设定值）
常态故障,STANDBY,1,standby_00D6,0x00D6,214,0x300D6,196822,是,接收到BST-正常终止-达到目标值（soc达到目标值）//SDK ADD end//1.5TCU  ADD start
常态故障,STANDBY,1,standby_00E0,0x00E0,224,0x300E0,196832,是,接收到BST-正常终止-（soc达到目标值）
常态故障,STANDBY,1,standby_00E1,0x00E1,225,0x300E1,196833,是,接收到BST-正常终止-达到目标值（总电压达到设定值）
常态故障,STANDBY,1,standby_00E2,0x00E2,226,0x300E2,196834,是,接收到BST-正常终止-达到目标值（单体电压达到设定值)
常态故障,STANDBY,1,standby_00E3,0x00E3,227,0x300E3,196835,是,接收到BST-绝缘故障
常态故障,STANDBY,1,standby_00E4,0x00E4,228,0x300E4,196836,是,接收到BST-输出连接器过温故障
常态故障,STANDBY,1,standby_00E5,0x00E5,229,0x300E5,196837,是,接收到BST-BMS元件、输出连接器过温
常态故障,STANDBY,1,standby_00E6,0x00E6,230,0x300E6,196838,是,接收到BST-充电连接器故障
常态故障,STANDBY,1,standby_00E7,0x00E7,231,0x300E7,196839,是,接收到BST-电池组温度过高故障
常态故障,STANDBY,1,standby_00E8,0x00E8,232,0x300E8,196840,是,接收到BST-高压继电器故障
常态故障,STANDBY,1,standby_00E9,0x00E9,233,0x300E9,196841,是,接收到BST-检测点2电压检测故障
常态故障,STANDBY,1,standby_00EA,0x00EA,234,0x300EA,196842,是,接收到BST-其他故障
常态故障,STANDBY,1,standby_00EB,0x00EB,235,0x300EB,196843,是,接收到BST-电流过大
常态故障,STANDBY,1,standby_00EC,0x00EC,236,0x300EC,196844,是,接收到BST-电压异常
常态故障,STANDBY,1,standby_00ED,0x00ED,237,0x300ED,196845,是,接收到BST-BST停止未知故障//1.5 TCU ADD end//ZLG上送遥信故障 从0x0100开始定义 200114SY 直接在原定义上加0x0100//表 16 功率控制模块工作状态及故障信息数据帧 PF:0x22
常态故障,STANDBY,1,standby_0131,0x0131,305,0x30131,196913,是,Bit31：充电机柜交流进线塑壳断路器故障  0x00 --- 正常 0x01 --- 故障
常态故障,STANDBY,1,standby_0130,0x0130,304,0x30130,196912,是,Bit30：充电机柜交流输入接触器故障  0x00 --- 正常 0x01 --- 故障
常态故障,STANDBY,1,standby_0129,0x0129,297,0x30129,196905,是,Bit29：充电机柜烟雾故障（可选项）  0x00 --- 正常 0x01 --- 故障
常态故障,STANDBY,1,standby_0128,0x0128,296,0x30128,196904,是,Bit28：充电机柜散热风机故障  0x00 --- 正常 0x01 --- 故障
常态故障,STANDBY,1,standby_0127,0x0127,295,0x30127,196903,是,Bit27：充电机柜加热部件故障  0x00 --- 正常 0x01 --- 故障
常态故障,STANDBY,1,standby_0126,0x0126,294,0x30126,196902,是,Bit26：充电机柜开门故障  0x00 --- 正常 0x01 --- 故障
常态故障,STANDBY,1,standby_0125,0x0125,293,0x30125,196901,是,Bit25：充电机柜水浸故障（可选）  0x00 --- 正常 0x01 --- 故障
常态故障,STANDBY,1,standby_0124,0x0124,292,0x30124,196900,是,Bit24：充电机柜输入电压过压故障  0x00 --- 正常 0x01 --- 故障
常态故障,STANDBY,1,standby_0123,0x0123,291,0x30123,196899,是,Bit23：充电机柜输入电压欠压故障  0x00 --- 正常 0x01 --- 故障
常态故障,STANDBY,1,standby_0122,0x0122,290,0x30122,196898,是,Bit22：充电机柜输入电压缺相故障  0x00 --- 正常 0x01 --- 故障
常态故障,STANDBY,1,standby_0121,0x0121,289,0x30121,196897,是,Bit21：充电机模块故障  0x00 --- 正常 0x01 --- 故障
常态故障,STANDBY,1,standby_0120,0x0120,288,0x30120,196896,是,Bit20：开关模块故障  0x00 --- 正常 0x01 --- 故障
常态故障,STANDBY,1,standby_0119,0x0119,281,0x30119,196889,是,Bit19：充电机柜过温故障  0x00 --- 正常 0x01 --- 故障
常态故障,STANDBY,1,standby_0118,0x0118,280,0x30118,196888,是,Bit18：功率控制器接收遥控、遥信报文超时故障 16  0x00 --- 正常 0x01 --- 故障
常态故障,STANDBY,1,standby_0117,0x0117,279,0x30117,196887,是,Bit17：充电机柜交流输入接触器粘连故障 0x00 --- 正常 0x01 --- 故障
常态故障,STANDBY,1,standby_0116,0x0116,278,0x30116,196886,是,Bit16：充电机柜避雷器故障  0x00 --- 正常 0x01 --- 故障
常态故障,STANDBY,1,standby_0115,0x0115,277,0x30115,196885,是,Bit15：环境湿度报警0x00 --- 正常 0x01 --- 故障
常态故障,STANDBY,1,standby_0114,0x0114,276,0x30114,196884,是,Bit14：无空闲模块可用（具备分配功率机型）  0x00 --- 正常 0x01 --- 故障
常态故障,STANDBY,1,standby_0113,0x0113,275,0x30113,196883,是,Bit13：功率控制模块与充电控制模块通讯超时0x00 --- 正常 0x01 --- 故障
常态故障,STANDBY,1,standby_0112,0x0112,274,0x30112,196882,是,Bit12：功率控制模块与开关模块通讯超时  0x00 --- 正常 0x01 --- 故障
常态故障,STANDBY,1,standby_0111,0x0111,273,0x30111,196881,是,Bit11：功率控制器间通讯超时（功率扩容） 16  0x00 --- 正常 0x01 --- 故障
常态故障,STANDBY,1,standby_0110,0x0110,272,0x30110,196880,是,Bit10：功率控制器与环境信息采集模块通讯超时（功率扩容 0x00 --- 正常 0x01 --- 故障
常态故障,STANDBY,1,standby_0109,0x0109,265,0x30109,196873,是,Bit9：功率控制器与充电模块通讯超时（0x00 --- 正常 0x01 --- 故障
常态故障,STANDBY,1,standby_0108,0x0108,264,0x30108,196872,是,Bit8:充电模块地址冲突（0x00 --- 正常 0x01 --- 故障
常态故障,STANDBY,1,standby_0101,0x0101,257,0x30101,196865,是,电表通信中断
常态故障,STANDBY,1,standby_0102,0x0102,258,0x30102,196866,是,平台通信中断
常态故障,STANDBY,1,standby_0103,0x0103,259,0x30103,196867,是,logic状态超时
常态故障,STANDBY,1,standby_0104,0x0104,260,0x30104,196868,是,主控通信故障
启动失败,START_FAIL,2,start_0000,0x0000,0,0x00000,0,否,成功
启动失败,START_FAIL,2,start_0001,0x0001,1,0x10001,65537,是,充电中控制导引故障
启动失败,START_FAIL,2,start_0002,0x0002,2,0x10002,65538,是,充电控制模块与计费控制单元通讯超时
启动失败,START_FAIL,2,start_0003,0x0003,3,0x10003,65539,是,急停按钮动作故障
启动失败,START_FAIL,2,start_0004,0x0004,4,0x10004,65540,是,门禁故障（充电桩）
启动失败,START_FAIL,2,start_0005,0x0005,5,0x10005,65541,是,避雷器故障
启动失败,START_FAIL,2,start_0006,0x0006,6,0x10006,65542,是,烟雾故障
启动失败,START_FAIL,2,start_0007,0x0007,7,0x10007,65543,是,交流输入断路器故障
启动失败,START_FAIL,2,start_0008,0x0008,8,0x10008,65544,是,交流输入接触器拒动/误动故障
启动失败,START_FAIL,2,start_0009,0x0009,9,0x10009,65545,是,交流输入接触器粘连故障
启动失败,START_FAIL,2,start_000A,0x000A,10,0x1000A,65546,是,交流输入故障（过压，欠压，缺相，过流）
启动失败,START_FAIL,2,start_000B,0x000B,11,0x1000B,65547,是,充电桩过温故障
启动失败,START_FAIL,2,start_000C,0x000C,12,0x1000C,65548,是,充电接口过温故障
启动失败,START_FAIL,2,start_000D,0x000D,13,0x1000D,65549,是,充电接口电子锁故障
启动失败,START_FAIL,2,start_000E,0x000E,14,0x1000E,65550,是,绝缘监测故障
启动失败,START_FAIL,2,start_000F,0x000F,15,0x1000F,65551,是,电池极性反接故障
启动失败,START_FAIL,2,start_0010,0x0010,16,0x10010,65552,是,直流输出接触器拒动/误动故障
启动失败,START_FAIL,2,start_0011,0x0011,17,0x10011,65553,是,直流输出接触器粘连故障
启动失败,START_FAIL,2,start_0012,0x0012,18,0x10012,65554,是,直流输出熔断器故障
启动失败,START_FAIL,2,start_0013,0x0013,19,0x10013,65555,是,并联接触器拒动/误动故障
启动失败,START_FAIL,2,start_0014,0x0014,20,0x10014,65556,是,并联接触器粘连故障
启动失败,START_FAIL,2,start_0015,0x0015,21,0x10015,65557,是,泄放回路故障
启动失败,START_FAIL,2,start_0017,0x0017,23,0x10017,65559,是,充电机模块故障
启动失败,START_FAIL,2,start_0018,0x0018,24,0x10018,65560,是,直流输出电压过压故障
启动失败,START_FAIL,2,start_0019,0x0019,25,0x10019,65561,是,直流输出电压欠压故障
启动失败,START_FAIL,2,start_001A,0x001A,26,0x1001A,65562,是,直流输出电流过流故障
启动失败,START_FAIL,2,start_001B,0x001B,27,0x1001B,65563,是,直流输出短路故障
启动失败,START_FAIL,2,start_001C,0x001C,28,0x1001C,65564,是,电池最高允许充电电压小于充电机最小输出电压
启动失败,START_FAIL,2,start_001D,0x001D,29,0x1001D,65565,是,绝缘监测前直流输出接触器外侧电压≥10V
启动失败,START_FAIL,2,start_001E,0x001E,30,0x1001E,65566,是,启动充电前直流输出接触器外侧电压与通信报文电池电压相差＞±5%
启动失败,START_FAIL,2,start_001F,0x001F,31,0x1001F,65567,是,启动充电前直流输出接触器外侧电压小于充电机最小输出电压
启动失败,START_FAIL,2,start_0020,0x0020,32,0x10020,65568,是,启动充电前直流输出接触器外侧电压大于充电机最大输出电压
启动失败,START_FAIL,2,start_0021,0x0021,33,0x10021,65569,是,电池端电压大于电池最高允许充电电压
启动失败,START_FAIL,2,start_0022,0x0022,34,0x10022,65570,是,BRM 报文接收超时
启动失败,START_FAIL,2,start_0023,0x0023,35,0x10023,65571,是,BRM 报文数据项异常（报文数据长度错误，BMS 通信协议版本号错误，其他数据错误）
启动失败,START_FAIL,2,start_0024,0x0024,36,0x10024,65572,是,BCP 报文接收超时
启动失败,START_FAIL,2,start_0025,0x0025,37,0x10025,65573,是,BCP 报文数据项异常（报文数据长度错误，电池当前电压越限，其他数据项错误）
启动失败,START_FAIL,2,start_0026,0x0026,38,0x10026,65574,是,BRO 报文（0x00）接收超时
启动失败,START_FAIL,2,start_0027,0x0027,39,0x10027,65575,是,BRO 报文（0xAA）接收超时
启动失败,START_FAIL,2,start_0028,0x0028,40,0x10028,65576,是,预留
启动失败,START_FAIL,2,start_0029,0x0029,41,0x10029,65577,是,BCL报文接收超时
启动失败,START_FAIL,2,start_002A,0x002A,42,0x1002A,65578,是,BCS报文接收超时
启动失败,START_FAIL,2,start_002B,0x002B,43,0x1002B,65579,是,门禁故障（充电机柜，仅直流桩使用）
启动失败,START_FAIL,2,start_002C,0x002C,44,0x1002C,65580,是,水浸故障（充电桩）
启动失败,START_FAIL,2,start_002D,0x002D,45,0x1002D,65581,是,水浸故障（充电机柜，仅直流桩使用）
启动失败,START_FAIL,2,start_002E,0x002E,46,0x1002E,65582,是,直流充电控制模块与功率控制模块通信超时（仅直流桩使用）
启动失败,START_FAIL,2,start_002F,0x002F,47,0x1002F,65583,是,功率控制模块与开关模块通信超时（仅直流桩使用）
启动失败,START_FAIL,2,start_0030,0x0030,48,0x10030,65584,是,开关模块故障（仅直流桩使用）
启动失败,START_FAIL,2,start_0031,0x0031,49,0x10031,65585,是,BMS通信协议版本不匹配
启动失败,START_FAIL,2,start_0032,0x0032,50,0x10032,65586,是,VIN码非法
启动失败,START_FAIL,2,start_0033,0x0033,51,0x10033,65587,是,即插即充鉴权失败
启动失败,START_FAIL,2,start_0034,0x0034,52,0x10034,65588,是,平台鉴权超时
启动失败,START_FAIL,2,start_0035,0x0035,53,0x10035,65589,是,车辆识别鉴权帧超时
启动失败,START_FAIL,2,start_0036,0x0036,54,0x10036,65590,是,鉴权VIN与车辆VIN不一致
启动失败,START_FAIL,2,start_0037,0x0037,55,0x10037,65591,是,低压辅助电源模块输出故障
启动失败,START_FAIL,2,start_0038,0x0038,56,0x10038,65592,是,PE断线故障
启动失败,START_FAIL,2,start_0039,0x0039,57,0x10039,65593,是,控制导引电压异常
启动失败,START_FAIL,2,start_003A,0x003A,58,0x1003A,65594,是,充电机柜过温故障（充电机柜，仅直流桩使用）
启动失败,START_FAIL,2,start_003B,0x003B,59,0x1003B,65595,是,充电桩执行功率分配策略失败故障
启动失败,START_FAIL,2,start_003C,0x003C,60,0x1003C,65596,是,无空闲模块可用（具备分配功率机型）
启动失败,START_FAIL,2,start_003D,0x003D,61,0x1003D,65597,是,预充阶段调压失败
启动失败,START_FAIL,2,start_003E,0x003E,62,0x1003E,65598,是,BRO准备就绪后取消
启动失败,START_FAIL,2,start_003F,0x003F,63,0x1003F,65599,是,BRO 报文接收超时
启动失败,START_FAIL,2,start_0040,0x0040,64,0x10040,65600,是,功率控制模块与充电模块通信超时
启动失败,START_FAIL,2,start_0041,0x0041,65,0x10041,65601,是,功率控制器间通信超时（并机扩容场景）
启动失败,START_FAIL,2,start_0042,0x0042,66,0x10042,65602,是,BRO充电准备就绪报文超时
启动失败,START_FAIL,2,start_0043,0x0043,67,0x10043,65603,是,BMS通信异常
启动失败,START_FAIL,2,start_0102,0x0102,258,0x10102,65794,是,平台通信故障
启动失败,START_FAIL,2,start_00FF,0x00FF,255,0x100FF,65791,是,充电机其他故障
启动失败,START_FAIL,2,start_0101,0x0101,257,0x10101,65793,是,电表通信故障
启动失败,START_FAIL,2,start_0104,0x0104,260,0x10104,65796,是,主控通信故障
启动失败,START_FAIL,2,start_F001,0xF001,61441,0x1F001,126977,是,启动超时
启动失败,START_FAIL,2,start_F002,0xF002,61442,0x1F002,126978,是,平台VIN鉴权失败
充电中故障,CHARGING_FAIL,3,charging_0001,0x0001,1,0x00000,0,否,计费控制单元正常停止
充电中故障,CHARGING_FAIL,3,charging_0002,0x0002,2,0x20002,131074,是,计费控制单元自身故障终止
充电中故障,CHARGING_FAIL,3,charging_0003,0x0003,3,0x20003,131075,是,计费控制单元判断充电控制模块故障停止
充电中故障,CHARGING_FAIL,3,charging_0004,0x0004,4,0x20004,131076,是,启动完成状态帧确认超时故障终止
充电中故障,CHARGING_FAIL,3,charging_0005,0x0005,5,0x20005,131077,是,充电中控制导引故障
充电中故障,CHARGING_FAIL,3,charging_0006,0x0006,6,0x20006,131078,是,充电控制模块与计费控制单元通讯超时
充电中故障,CHARGING_FAIL,3,charging_0007,0x0007,7,0x20007,131079,是,充电桩充电中暂停超时
充电中故障,CHARGING_FAIL,3,charging_0008,0x0008,8,0x20008,131080,是,急停按钮动作故障
充电中故障,CHARGING_FAIL,3,charging_0009,0x0009,9,0x20009,131081,是,门禁故障
充电中故障,CHARGING_FAIL,3,charging_000A,0x000A,10,0x2000A,131082,是,避雷器故障
充电中故障,CHARGING_FAIL,3,charging_000B,0x000B,11,0x2000B,131083,是,烟雾故障
充电中故障,CHARGING_FAIL,3,charging_000C,0x000C,12,0x2000C,131084,是,交流输入断路器故障
充电中故障,CHARGING_FAIL,3,charging_000D,0x000D,13,0x2000D,131085,是,交流输入接触器拒动/误动故障
充电中故障,CHARGING_FAIL,3,charging_000E,0x000E,14,0x2000E,131086,是,交流输入接触器粘连故障
充电中故障,CHARGING_FAIL,3,charging_000F,0x000F,15,0x2000F,131087,是,交流输入故障（过压，欠压，缺相，过流）
充电中故障,CHARGING_FAIL,3,charging_0010,0x0010,16,0x20010,131088,是,充电桩过温故障
充电中故障,CHARGING_FAIL,3,charging_0011,0x0011,17,0x20011,131089,是,充电接口过温故障
充电中故障,CHARGING_FAIL,3,charging_0012,0x0012,18,0x20012,131090,是,充电接口电子锁故障
充电中故障,CHARGING_FAIL,3,charging_0013,0x0013,19,0x20013,131091,是,直流输出接触器拒动/误动故障
充电中故障,CHARGING_FAIL,3,charging_0014,0x0014,20,0x20014,131092,是,直流输出接触器粘连故障
充电中故障,CHARGING_FAIL,3,charging_0015,0x0015,21,0x20015,131093,是,直流输出熔断器故障
充电中故障,CHARGING_FAIL,3,charging_0016,0x0016,22,0x20016,131094,是,并联接触器拒动/误动故障
充电中故障,CHARGING_FAIL,3,charging_0017,0x0017,23,0x20017,131095,是,并联接触器粘连故障
充电中故障,CHARGING_FAIL,3,charging_0018,0x0018,24,0x20018,131096,是,泄放回路故障
充电中故障,CHARGING_FAIL,3,charging_0019,0x0019,25,0x20019,131097,是,辅助电源故障
充电中故障,CHARGING_FAIL,3,charging_001A,0x001A,26,0x2001A,131098,是,充电机模块故障
充电中故障,CHARGING_FAIL,3,charging_001B,0x001B,27,0x2001B,131099,是,直流输出电压过压故障
充电中故障,CHARGING_FAIL,3,charging_001C,0x001C,28,0x2001C,131100,是,直流输出电压欠压故障
充电中故障,CHARGING_FAIL,3,charging_001D,0x001D,29,0x2001D,131101,是,直流输出电流过流故障
充电中故障,CHARGING_FAIL,3,charging_001E,0x001E,30,0x2001E,131102,是,直流输出短路故障
充电中故障,CHARGING_FAIL,3,charging_001F,0x001F,31,0x2001F,131103,是,电池充电需求报文（BCL）超时
充电中故障,CHARGING_FAIL,3,charging_0020,0x0020,32,0x20020,131104,是,电池充电总状态报文（BCS）超时
充电中故障,CHARGING_FAIL,3,charging_0021,0x0021,33,0x20021,131105,是,动力蓄电池状态信息（BSM）超时
充电中故障,CHARGING_FAIL,3,charging_0022,0x0022,34,0x20022,131106,是,BSM 报文中单体动力蓄电池电压过压
充电中故障,CHARGING_FAIL,3,charging_0023,0x0023,35,0x20023,131107,是,BSM 报文中单体动力蓄电池电压过低
充电中故障,CHARGING_FAIL,3,charging_0024,0x0024,36,0x20024,131108,是,BSM 报文中SOC 过高
充电中故障,CHARGING_FAIL,3,charging_0025,0x0025,37,0x20025,131109,是,BSM 报文中SOC 过低
充电中故障,CHARGING_FAIL,3,charging_0026,0x0026,38,0x20026,131110,是,BSM 报文中充电过电流
充电中故障,CHARGING_FAIL,3,charging_0027,0x0027,39,0x20027,131111,是,BSM 报文中动力蓄电池温度过高
充电中故障,CHARGING_FAIL,3,charging_0028,0x0028,40,0x20028,131112,是,BSM 报文中动力蓄电池绝缘状态异常
充电中故障,CHARGING_FAIL,3,charging_0029,0x0029,41,0x20029,131113,是,BSM 报文中连接器连接状态异常
充电中故障,CHARGING_FAIL,3,charging_002A,0x002A,42,0x2002A,131114,否,BMS 正常终止充电
充电中故障,CHARGING_FAIL,3,charging_002B,0x002B,43,0x2002B,131115,是,BMS 异常终止充电
充电中故障,CHARGING_FAIL,3,charging_002C,0x002C,44,0x2002C,131116,是,充电桩判断BMS 其他异常终止
充电中故障,CHARGING_FAIL,3,charging_002D,0x002D,45,0x2002D,131117,是,预留
充电中故障,CHARGING_FAIL,3,charging_002E,0x002E,46,0x2002E,131118,是,低压辅助电源模块输出故障
充电中故障,CHARGING_FAIL,3,charging_002F,0x002F,47,0x2002F,131119,是,PE断线故障
充电中故障,CHARGING_FAIL,3,charging_0030,0x0030,48,0x20030,131120,是,控制导引电压异常
充电中故障,CHARGING_FAIL,3,charging_0031,0x0031,49,0x20031,131121,是,充电机柜过温故障（充电机柜，仅直流桩使用）
充电中故障,CHARGING_FAIL,3,charging_0032,0x0032,50,0x20032,131122,是,充电桩执行功率分配策略失败故障
充电中故障,CHARGING_FAIL,3,charging_0033,0x0033,51,0x20033,131123,是,无空闲模块可用（具备分配功率机型）
充电中故障,CHARGING_FAIL,3,charging_0034,0x0034,52,0x20034,131124,是,预充阶段调压失败
充电中故障,CHARGING_FAIL,3,charging_0035,0x0035,53,0x20035,131125,是,BST停止未知故障
充电中故障,CHARGING_FAIL,3,charging_0036,0x0036,54,0x20036,131126,是,输出电压大于车辆最高允许充电电压
充电中故障,CHARGING_FAIL,3,charging_0037,0x0037,55,0x20037,131127,是,需求电流超过车辆最高允许充电电流
充电中故障,CHARGING_FAIL,3,charging_0038,0x0038,56,0x20038,131128,是,需求电压超过车辆最高允许充电电压
充电中故障,CHARGING_FAIL,3,charging_0039,0x0039,57,0x20039,131129,是,充电控制模块与功率控制模块通信超时
充电中故障,CHARGING_FAIL,3,charging_003A,0x003A,58,0x2003A,131130,是,功率控制模块与开关模块通信超时
充电中故障,CHARGING_FAIL,3,charging_003B,0x003B,59,0x2003B,131131,是,功率控制模块与充电模块通信超时
充电中故障,CHARGING_FAIL,3,charging_003C,0x003C,60,0x2003C,131132,是,功率控制器间通信超时（并机扩容场景）
充电中故障,CHARGING_FAIL,3,charging_003D,0x003D,61,0x2003D,131133,是,BMS通讯异常
充电中故障,CHARGING_FAIL,3,charging_0080,0x0080,128,0x20080,131200,是,小电流停机
充电中故障,CHARGING_FAIL,3,charging_0081,0x0081,129,0x20081,131201,是,控制导引断开
充电中故障,CHARGING_FAIL,3,charging_00FF,0x00FF,255,0x200FF,131327,是,充电桩其他故障
充电中故障,CHARGING_FAIL,3,charging_0102,0x0102,258,0x20102,131330,是,平台通信故障
充电中故障,CHARGING_FAIL,3,charging_0101,0x0101,257,0x20101,131329,是,电能计量异常
充电中故障,CHARGING_FAIL,3,charging_0104,0x0104,260,0x20104,131332,是,主控通信故障
充电中故障,CHARGING_FAIL,3,charging_0105,0x0105,261,0x20105,131333,否,刷卡停止
